{"cameraMode":{"drawMode":0,"name":"Shaded","section":"Shading Mode"},"sceneLighting":true,"audioPlay":false,"sceneViewState":{"m_AlwaysRefresh":false,"showFog":true,"showSkybox":true,"showFlares":true,"showImageEffects":true,"showParticleSystems":true,"showVisualEffectGraphs":true,"m_FxEnabled":true},"in2DMode":false,"pivot":{"x":0.09862518310546875,"y":5.758023738861084,"z":16.2524471282959},"rotation":{"x":0.26925399899482729,"y":-0.687390148639679,"z":0.30845022201538088,"w":0.5999731421470642},"size":0.20513400435447694,"orthographic":false}